"","N1","N2","N3","N4","N5","N6","N7","N8","N9","N10"
"BIFN",-0.737575235326201,-0.0576545616299011,0.104137894191037,-0.603958104712645,-0.408645403624887,0.291820350198728,-0.542656067011349,-0.487197033361412,2.68920390585627,-0.247475744579643
"BMEM-switched",-0.527335693947771,-0.443071599436016,-0.151973490199651,-0.486643996569222,-0.338678478666063,0.16233314985654,-0.368681655853681,-0.320073881944458,2.79038327129859,-0.316257624538266
"BN",-0.541034847694728,-0.488781578664329,-0.131728064236761,-0.494439480507029,-0.320261462636365,0.257860049866113,-0.401094342648003,-0.326296338167557,2.76872691755715,-0.32295085286849
"CAFs",-1.13532424891733,-0.334272867228789,-0.462644653656456,0.0117076667471823,0.307573504783195,0.0190967323314394,-0.125585398279873,2.45857642816631,-1.06116786961487,0.32204070566919
"CD4-TCM",-1.00816611336353,-0.463963064890077,1.61969903826728,-0.501482013292069,0.382799993860205,-0.647032557566651,-0.682461046689183,-0.544977688057753,1.88777885345653,-0.042195401724754
"CD4-TFH",-1.00117676094388,0.202022191081256,2.16506036702943,-0.411320883250542,-0.584695198208758,-0.453425023884859,-0.631216160203273,-0.607375554803383,1.3361002885503,-0.0139732653662835
"CD4-TIFN",-0.726844959286147,2.56205436456031,0.632905313816874,-0.468173491026102,-0.478021952732539,-0.542808225893605,-0.51148755543246,-0.480654346596868,0.375256192297788,-0.362225339707248
"CD4-TN",-0.920603464468839,-0.279586486564175,1.88631136714101,-0.63801319752456,-0.307762414844087,-0.285886309574727,-0.518989762645517,-0.403086726350706,1.83468575062676,-0.367068755795156
"CD4-TREG",-1.91042447404857,0.351010272087034,2.03196613588361,-0.380139377414034,0.0769953089134577,-0.43849851920865,-0.632538485084295,0.070673497073556,0.364855456053738,0.466100185744151
"CD8-TEFF",-1.43727940979159,-0.289970960171281,1.86107563969106,-0.611254810370578,0.0742527679733369,-0.462601718545491,-0.674608153534648,-0.467722990038083,0.776807344192591,1.23130229059469
"CD8-TEM",-1.08151223083969,-0.188320194060908,2.00899270441727,-0.409049736007457,-0.351770366794172,-0.533415391691559,-0.603667039953326,-0.623922244151051,1.53962995702572,0.243034542055171
"CD8-TEXH",-1.03684009727828,0.93414390808282,1.58369727383921,0.895382160875557,-1.01534871392716,-0.476488662732074,-0.914502490565732,-0.981997341088144,0.212806338818309,0.799147623975498
"CD8-TIFN",-0.736268153106433,2.50466710034501,0.935952762178757,-0.105500458712236,-0.580840118368958,-0.523432111098743,-0.512763775560205,-0.581653367061954,-0.151370099517155,-0.248791779098079
"CD8-TRM",-1.21719688422222,-0.530087754534795,2.07653991525307,-0.432464823195005,0.0638464745991672,-0.240798128591583,-0.622160759195543,-0.6897510376285,1.31860039180739,0.273472605708026
"cDC1",-1.38139338216189,1.6010440288265,0.730456340639917,0.515696966346172,-0.723244683420038,-0.277709971943759,-0.855694055381301,-0.899354188209992,0.0305517191422364,1.25964722616215
"cDC2",-1.15826608013564,-0.21209904807734,0.475688823353393,0.67909647321437,-0.586017297530152,-0.652107605289668,-0.513737442404059,-0.250080320463391,-0.189728617184935,2.40725111451742
"endo-arterial",-0.398625435297183,-0.247749919045181,-0.304688563467621,-0.370816250546266,-0.196585691159791,-0.297497096245614,2.84089191896875,-0.332393361655777,-0.321044304943808,-0.371491296607506
"endo-capillary",-0.895529791613833,-0.589055160268101,-0.300396442356748,-0.671398260773041,2.5505428614177,0.0154253553829574,0.746206476130285,-0.302360451512785,-0.237163118624153,-0.316271467782279
"endo-lymph",-0.469835468661831,0.0470940710985405,-0.541096578045527,-0.52034612788144,0.890140063885059,-0.539743046791046,-0.592584448641154,-0.207768914671459,-0.592584448641154,2.52672489835001
"endo-prolif",-0.725132443730575,0.103848068999583,-0.431034640073218,-0.629199909869287,2.63117514385308,-0.476052181797725,0.56240395996604,-0.421021846638583,-0.464568249001815,-0.150417901707502
"endo-venous",-0.888774742526927,-0.513774221157119,0.824523744840396,-0.814859188430987,2.40392456762714,-0.408517581518697,0.0229030460908158,-0.520585794339215,0.383189341304718,-0.488029171890126
"fibro-major",-0.989530595666717,-0.773976400017654,-0.361350077184603,-0.481075547985221,0.199998820820382,0.678402226746913,-0.309185416304387,2.46431515148652,-0.600896084417318,0.173297922522088
"fibro-matrix",-1.13861058790747,-0.990567345941699,-0.3527691282258,-0.482053658233746,1.08911322435505,0.798299502845757,-0.207495371495129,2.03689108849968,-0.559066656632855,-0.193741067263784
"fibro-prematrix",-0.935157468612145,-0.748194780046824,-0.443573841020244,-0.717005473531681,0.197083849717575,0.681179386521106,0.000542396389396266,2.47783029295471,-0.457482663188949,-0.0552216991829462
"GC-B",-0.585483431746852,-0.593954011622046,0.385819188030003,-0.61427046611186,-0.404280422596767,0.630352648812328,-0.50531508451901,-0.50082711400419,2.56328245623379,-0.375323762475401
"GD-T",-1.24467465551619,0.203282220572978,2.12429320067778,-0.496868104173006,-0.284913060796815,-0.485254494529149,-0.75629276262729,-0.564355108722211,1.14650648758065,0.358276277533255
"M01",2.81931203375302,-0.229121228469106,-0.18282359752423,-0.31664668232656,-0.439304354655572,-0.362172358022657,-0.322424329323475,-0.175423710825713,-0.611628240718845,-0.179767531886858
"M04",2.7598533045879,-0.289851081679503,-0.47692526092554,0.237769778447341,-0.503606736915387,-0.227664641944168,-0.315752499022527,-0.0902179753933822,-0.591120795121101,-0.502484092033638
"M05",2.1894808365024,1.37640207280901,-0.579585469812794,0.00524063485017057,-0.49474506336101,-0.589612992610078,-0.476589826567684,0.0832248791757535,-0.798415262700486,-0.715399808285286
"M06",2.24826941399399,0.864403017288616,-0.088519535376247,0.501649294422881,-0.617648055618966,-0.603205297320543,-0.454174689505132,-0.00288967646232745,-1.29786541168373,-0.550019059738541
"M07",2.76514743898473,-0.0154207337487656,-0.311090171648838,-0.0998011244016076,-0.413517533204625,-0.425622223874108,-0.300495169278517,-0.00127969816722477,-0.807559729633824,-0.390361055027217
"M08",1.98211562356207,-0.581660776990849,-0.273965813693338,1.71051263284137,-0.677195783782141,-0.429696668016587,-0.568892925756077,0.0476943549612823,-0.731139813668869,-0.477770829456857
"M09",2.57449688895481,0.587222198190394,-0.818558870182815,-0.273702085155142,-0.0577688161015342,-0.122694474537285,-0.464674916620595,-0.00129086389830784,-0.844486209551924,-0.578542851097598
"M10",2.26185635781746,0.00524398553907871,-0.833935097387872,0.899028176183394,-0.3760191606341,0.519201556435303,-0.645849189173816,-0.279779846841436,-1.14437492121069,-0.405371860727325
"M11",2.57225247688722,0.262071947558189,-0.443540872572768,0.59027355225047,-0.266970331407692,-0.295714532802353,-0.679975038504845,-0.404711737446157,-0.885300705915361,-0.4483847580467
"M12",2.75414936506924,0.0563119580580432,-0.173908037364286,-0.428919902156485,-0.15945105346051,-0.38074631615697,-0.570927165161397,0.0817990466167075,-0.585419349626162,-0.592888545818184
"M13",2.52489511572086,0.134538088218469,-0.368795127860788,-0.454732765586752,-0.377337610313983,-0.320582854835246,-0.421322720788036,0.816276060514603,-0.759903942854631,-0.773034242214499
"mac-angio",0.00848890907509376,-0.483056447749879,-0.34545169067161,2.50812125268082,-0.519124066743626,-0.382256218277997,-0.6247598990139,-0.225126798103985,-0.833854922215111,0.89701988102019
"mac-ECM",-0.916457124115759,-0.406452411582176,-0.015645286359247,2.01919974899631,-0.716890960455138,-0.464390597237836,-0.534204420305773,0.562636056499224,-0.876209650066078,1.34841464462648
"mac-IFN",-0.664485093518965,2.54964964607939,0.114232381746411,0.677077820754045,-0.559362968646154,-0.644748144705304,-0.530270577039726,-0.479572177038565,-0.57733600343888,0.114815115807751
"mac-lip-C1Q",-1.07469229450529,0.155927106009982,0.350564598722725,0.561665173569057,-0.411104548593541,-0.544122483626085,-0.652516337514235,-0.555903738901183,-0.298315952466836,2.46849847730541
"mac-lip-CD36",-0.308426202245646,-0.381677973311804,-0.28461077081525,2.69758222060066,-0.385616629195618,-0.488240766259701,-0.419881836595314,-0.462428634417172,-0.541680869403132,0.574981461642973
"mac-M1-CCL",-1.28019831300601,-0.570833114560233,-0.57270833470657,-0.176794799580107,0.773218717549246,0.191771806628759,-0.369830192794412,1.56447637676619,-1.07565886616742,1.51655671987056
"mac-M2-CXCL",-1.30834368381955,-0.599992202401464,-0.643037398705416,0.0111673769479076,0.750708787367128,-0.0105981261813002,-0.421276968396482,1.69770239663591,-0.911656803697932,1.4353266222512
"mast",-1.16390766789902,-0.300840180519919,-0.280533114078234,-0.297794184398768,-0.192844493927661,0.0376625461239162,-0.482104181946611,1.92846408318419,-0.872000440422661,1.62389763388476
"mDC",-1.08790278825979,0.607703431452121,2.09694509279413,-0.461320575111437,-0.628983513975026,-0.609629433199735,-0.828078348462301,-0.507801471380018,0.953918581523901,0.465149024618149
"mono-class",-1.18352409126423,-0.237540685590734,-0.158453858156097,1.0227173366057,-0.491203332932808,-0.283254240797402,-0.25505054556575,-0.199118394314507,-0.599214031495478,2.38464184351131
"mye-prolif",-0.595797902272415,1.74089909242224,-0.277370570636074,1.64006370656594,-0.200687569648575,-0.576613751105694,-0.404872472396613,-0.805648534000881,-1.13366104687831,0.613689047950385
"neutrophil",-1.13314895078555,-0.294594527054683,-0.0893094676976488,2.20523663570862,-0.842888824777947,-0.0888879280365389,-0.56406137037584,1.13800853672353,-0.596445244895492,0.266091141191552
"NK-CD16high",-1.52332151065448,0.615880154737939,1.81446840624086,-0.903821138494389,0.459308190501314,0.078519681966698,-0.741495560318517,-0.885159581321957,0.702897517741159,0.382723839601376
"NK-CD16low",-1.04224743904599,0.357924503991638,2.36597792570298,-0.639107833828885,-0.498935783074326,-0.537551889572354,-0.673406844739818,-0.420813966900081,0.64101439593374,0.447146931533101
"pDC",-1.35647734671263,0.4275569059756,0.762791043785469,-0.411475754101982,-0.860847756130817,-0.0923893761085754,-0.681665913259103,-0.510084533531056,0.638352060248956,2.08424066983414
"peri-class",-0.667711257218335,-0.617676234043628,-0.323846044887007,-0.675660522608945,2.24601856658705,-0.068573444770559,1.41009041322062,-0.362242674283616,-0.480021406210357,-0.460377395785223
"peri-immune",-1.00112604059915,-0.472572537058398,0.301547640964411,-0.893746162041949,1.61052764044468,-0.648300988099872,1.69313615387466,-0.579801130050076,0.572960548862064,-0.582625126296365
"plasma-lgA",-0.530484775712694,-0.49173258303227,-0.22126800635812,-0.540298512164552,-0.14314300712394,2.81120801988174,-0.238101184075065,-0.116552610941894,-0.233244221104787,-0.296383119368416
"plasma-lgG",-0.642215217043187,-0.524593968432442,-0.239049092916515,-0.543967730317752,-0.0104160808697086,2.78735670704314,-0.197013647412649,-0.102598270009487,-0.290011436091362,-0.237491263950041
"T-prolif",-1.04593791156806,2.20739901448244,1.05463797049465,-0.178816561513935,-0.175620335025283,-0.670998504320418,-0.721054977288992,-0.892066190040616,0.171556121333764,0.250901373446446
"TEC",-0.718909114141985,-0.41402296451035,-0.375848764127357,-0.48214929662601,2.56822303956588,-0.262091554575072,0.857677533286427,-0.310909180932806,-0.617789183524471,-0.244180514414257
"VSMC-contra",-0.449841771496602,-0.206067349066973,-0.374246119300902,-0.426900977161703,0.00966778360335187,-0.312574028628712,2.82097201819456,-0.32017246499575,-0.358914108364604,-0.381922982782669
"VSMC-synth",-0.409870427997597,-0.164648737529146,-0.354537768431566,-0.412464406522465,-0.0196376802944745,-0.39485084419501,2.82165370770771,-0.310245937157573,-0.446565114005797,-0.308832791574083
