Naïve,Activation:Effector function,Exhaustion,TCR Signaling,Cytotoxicity,Cytokine/Cytokine receptor,Chemokine/Chemokine receptor,Senescence,Anergy,NFKB Signaling,Stress response,MAPK Signaling,Adhesion,IFN Response,Oxidative phosphorylation,Glycolysis,Fatty acid metabolism,Pro-apoptosis,Anti-apoptosis,G1/S,G2/M
IL7R,FAS,PDCD1,CALM1,GZMA,CSF1,CCR4,KLRK1,NT5E,NFKB1,HIKESHI,MAP2K1,ITGA1,IFIT1,ATP1B3,SLC2A3,ACAA1,BCL2L11,BCL11B,BRCA1,AURKA
CCR7,FASLG,LAYN,CALM2,GZMB,IL10RA,CCR5,IFNA1,IZUMO1R,NFKB2,P4HB,MAP2K2,ITGA4,IFIT2,ATP2A3,SLC2A8,ACADM,BID,BCL2L1,BRCA2,BIRC5
SELL,CD44,HAVCR2,CALM3,GZMH,IL16,CCR7,IFNAR1,LAG3,NFKBIA,UBA52,MAP2K3,ITGAE,IFIT3,ATP2B1,PFKFB3,ACADVL,BIN1,BAG3,CCNE1,BUB1
FOXO1,CD69,LAG3,CAST,GZMK,IL17RA,CXCR3,TAB1,NRP1,NFKBIB,MAPK1,MAP3K4,ITGAL,IFIT5,ATP2B4,ALDOA,ACSL5,BIN2,BAG4,CCNE2,BUB1B
KLF2,CD38,CD244,CD247,GZMH,IL18RAP,CXCR4,SESN2,DGKA,NFKBIZ,RPA2,MAP3K5,ITGAM,STAT1,ATP5A1,ENO1,ALDH16A1,BAX,BIRC3,CCNG2,CCNA2
KLF3,NKG7,CTLA4,CD3D,GNLY,IL21R,CXCR5,,CBLB,CHUK,RPA3,MAP3K8,ITGB1,STAT2,ATP5B,GAPDH,ALDH9A1,BAK1,GADD45B,CDC25A,CCNB1
LEF1,KLRB1,LILRB1,CD3E,PRF1,IL2RB,CXCR6,,RNF128,IKBKB,TNRC6A,MAP4K1,ITGB2,MX1,ATP5C1,GPI,ECH1,CASP8,,CDC45,CCNB2
TCF7,KLRD1,TIGIT,CD3G,IFNG,IL2RG,CCL3,,ITCH,IKBKG,TNRC6B,MAP4K5,ITGB7,IRF1,ATP5D,PGAM1,ECHS1,CASP3,,CDC6,CCNF
ACTN1,KLRF1,TOX,CSK,TNF,IL32,CCL4,,NFATC2,REL,TNRC6C,MAPK1,SELL,IRF4,ATP5E,PGK1,HADHA,,,CDKN1A,CDC20
FOXP1,KLRG1,VSIR,DOK1,SERPINB1,IL9R,CCL4L1,,EGR2,RELA,NUP210,MAPK3,SELPLG,IRF7,ATP5EP2,PKM,HSD17B10,,,CDKN2C,CDC25B
,KLRK1,BTLA,DOK2,SERPINB6,ADAM10,CCL4L2,,EGR3,RELB,RBX1,MAPK11,S1PR1,IRF8,ATP5F1,TPI1,SLC27A2,,,CDKN3,CDC25C
,FCGR3A,ENTPD1,FYN,SERPINB9,ADAM8,CCL5,,NR4A1,,UBB,MAPK13,VCAM1,IRF9,ATP5F1A,GYG1,DECR1,,,DHFR,CDK1
,CX3CR1,CD160,LCK,CTSA,METRNL,CXCL13,,TOB1,,UBC,MAPK14,ICAM2,ISG15,ATP5F1B,MDH1,PEX16,,,E2F1,CDKN2D
,CD300A,LAIR1,NFATC2,CTSB,CD70,CXCL8,,,,CREBBP,MAPK1IP1L,ICAM3,ISG20,ATP5F1C,MDH2,SCP2,,,E2F5,CENPA
,FGFBP2,,NFATC1,CTSC,,XCL1,,,,ETS1,MAPKAPK3,,IFITM1,ATP5F1D,LDHA,,,,H1F0,CENPF
,ID2,,NFATC4,CTSD,,XCL2,,,,LAMTOR1,MAPK8,,IFITM2,ATP5F1E,LDHB,,,,H1FNT,CKS2
,ID3,,NFATC3,CTSW,,,,,,EED,MAPK9,,IFITM3,ATP5G2,ADH5,,,,H1FOO,KIF20A
,PRDM1,,PLEK,CST3,,,,,,LAMTOR2,MAP2K7,,OAS1,ATP5G3,IDH2,,,,H1FX,PLK1
,RUNX3,,PAG1,CST7,,,,,,HSP90AA1,MAPK10,,OAS2,ATP5H,,,,,H2AFB1,RACGAP1
,TBX21,,PTPN11,CSTB,,,,,,RBBP4,MAP3K7,,OAS3,ATP5I,,,,,H2AFB2,TOP2A
,ZEB2,,PTPN2,LAMP1,,,,,,LAMTOR4,,,JAK1,ATP5IF1,,,,,H2AFB3,
,BATF,,PTPN22,LAMP3,,,,,,LAMTOR5,,,JAK2,ATP5J,,,,,H2AFJ,
,IRF4,,PTPN4,CAPN2,,,,,,PSMB10,,,SOCS1,ATP5J2,,,,,H2AFV,
,NR4A1,,PTPN6,,,,,,,CDKN1A,,,SOCS3,ATP5L,,,,,H2AFVP1,
,NR4A2,,PTPN7,,,,,,,ANAPC11,,,TRIM14,ATP5MC1,,,,,H2AFX,
,NR4A3,,PTPRC,,,,,,,PSMA1,,,TRIM21,ATP5MC2,,,,,H2AFY,
,PBX3,,PTPRCAP,,,,,,,ATG4D,,,TRIM22,ATP5MC3,,,,,H2AFY2,
,ZNF683,,S100A10,,,,,,,PSMA2,,,APOL1,ATP5MD,,,,,H2AFZ,
,HOPX,,S100A11,,,,,,,WIPI2,,,APOL2,ATP5ME,,,,,H2AFZP1,
,FOS,,S100A13,,,,,,,PSMA3,,,APOL6,ATP5MF,,,,,H2AFZP2,
,FOSB,,S100A4,,,,,,,TFDP2,,,IFNGR1,ATP5MG,,,,,H2AFZP3,
,JUN,,S100A6,,,,,,,PSMA4,,,GBP1,ATP5MPL,,,,,H2AFZP4,
,JUNB,,ZAP70,,,,,,,ATM,,,GBP2,ATP5O,,,,,H2AFZP5,
,JUND,,DUSP1,,,,,,,CYCS,,,GBP4,ATP5PB,,,,,H2AFZP6,
,STAT1,,DUSP2,,,,,,,PSMA5,,,GBP5,ATP5PD,,,,,H2BFM,
,STAT2,,DUSP4,,,,,,,WDR45,,,GBP3,ATP5PF,,,,,H2BFS,
,STAT5A,,DUSP5,,,,,,,ANAPC16,,,BST2,ATP6AP1,,,,,H2BFWT,
,STAT6,,DUSP10,,,,,,,PSMA6,,,CMPK2,ATP6AP2,,,,,H2BFXP,
,STAT4,,LAT,,,,,,,EHMT1,,,DDX58,ATP6V0B,,,,,H3F3A,
,EOMES,,PLCG1,,,,,,,PSMA7,,,DDX60,ATP6V0C,,,,,H3F3AP1,
,,,PLCG2,,,,,,,EHMT2,,,DDX60L,ATP6V0D1,,,,,H3F3AP2,
,,,PPP3CA,,,,,,,TERF1,,,IFI30,ATP6V0E1,,,,,H3F3B,
,,,PPP3CC,,,,,,,PSMC1,,,IFI35,ATP6V0E2,,,,,H3F3C,
,,,FOS,,,,,,,ATR,,,IFI44,ATP6V1D,,,,,HIST1H1A,
,,,FOSB,,,,,,,PSMC3,,,IFI44L,ATP6V1F,,,,,HIST1H1B,
,,,FOSL1,,,,,,,SOD1,,,IFI6,ATP6V1G1,,,,,HIST1H1C,
,,,FOSL2,,,,,,,PSMC4,,,IFIH1,ATP8B2,,,,,HIST1H1D,
,,,JUN,,,,,,,PSMC5,,,PARP10,ATP8B4,,,,,HIST1H1E,
,,,JUNB,,,,,,,PSMC6,,,PARP12,COX16,,,,,HIST1H1PS1,
,,,JUND,,,,,,,PSME1,,,PARP14,COX17,,,,,HIST1H1PS2,
,,,NR4A1,,,,,,,ATG3,,,,COX4I1,,,,,HIST1H1T,
,,,NR4A2,,,,,,,NCF1,,,,COX5A,,,,,HIST1H2AA,
,,,NR4A3,,,,,,,PSME2,,,,COX5B,,,,,HIST1H2AB,
,,,BATF,,,,,,,ATG5,,,,COX6A1,,,,,HIST1H2AC,
,,,IRF4,,,,,,,CHMP2A,,,,COX6B1,,,,,HIST1H2AD,
,,,SH2D2A,,,,,,,CHMP2B,,,,COX6C,,,,,HIST1H2AE,
,,,,,,,,,,GSK3B,,,,COX7A2,,,,,HIST1H2AG,
,,,,,,,,,,RPS19BP1,,,,COX7B,,,,,HIST1H2AH,
,,,,,,,,,,TPR,,,,COX7C,,,,,HIST1H2AI,
,,,,,,,,,,MDM4,,,,COX8A,,,,,HIST1H2AJ,
,,,,,,,,,,ELOB,,,,CYC1,,,,,HIST1H2AK,
,,,,,,,,,,CDC26,,,,MT.ATP6,,,,,HIST1H2AL,
,,,,,,,,,,ELOC,,,,MT.ATP8,,,,,HIST1H2AM,
,,,,,,,,,,ST13,,,,MT.CO1,,,,,HIST1H2APS1,
,,,,,,,,,,RPS6KA1,,,,MT.CO2,,,,,HIST1H2APS2,
,,,,,,,,,,EEF1A1,,,,MT.CO3,,,,,HIST1H2APS3,
,,,,,,,,,,RPS6KA3,,,,MT.CYB,,,,,HIST1H2APS4,
,,,,,,,,,,CHMP4A,,,,MT.ND1,,,,,HIST1H2APS5,
,,,,,,,,,,DNAJB1,,,,MT.ND2,,,,,HIST1H2BA,
,,,,,,,,,,CAMK2G,,,,MT.ND3,,,,,HIST1H2BB,
,,,,,,,,,,RPS27A,,,,MT.ND4,,,,,HIST1H2BC,
,,,,,,,,,,TXN2,,,,MT.ND4L,,,,,HIST1H2BD,
,,,,,,,,,,PRDX1,,,,MT.ND5,,,,,HIST1H2BE,
,,,,,,,,,,PRDX2,,,,MT.ND6,,,,,HIST1H2BF,
,,,,,,,,,,DNAJB6,,,,NDUFA1,,,,,HIST1H2BG,
,,,,,,,,,,FKBP4,,,,NDUFA10,,,,,HIST1H2BH,
,,,,,,,,,,PRDX3,,,,NDUFA11,,,,,HIST1H2BI,
,,,,,,,,,,MAP2K3,,,,NDUFA12,,,,,HIST1H2BJ,
,,,,,,,,,,MTMR14,,,,NDUFA13,,,,,HIST1H2BK,
,,,,,,,,,,ATG12,,,,NDUFA2,,,,,HIST1H2BL,
,,,,,,,,,,PRDX5,,,,NDUFA3,,,,,HIST1H2BM,
,,,,,,,,,,RHEB,,,,NDUFA4,,,,,HIST1H2BN,
,,,,,,,,,,PRDX6,,,,NDUFA5,,,,,HIST1H2BO,
,,,,,,,,,,GSTP1,,,,NDUFA6,,,,,HIST1H2BPS1,
,,,,,,,,,,ATG14,,,,NDUFAB1,,,,,HIST1H2BPS2,
,,,,,,,,,,RELA,,,,NDUFAF3,,,,,HIST1H3A,
,,,,,,,,,,GPX1,,,,NDUFAF4,,,,,HIST1H3B,
,,,,,,,,,,VHL,,,,NDUFAF8,,,,,HIST1H3C,
,,,,,,,,,,HSPA1A,,,,NDUFB10,,,,,HIST1H3D,
,,,,,,,,,,UBE2D1,,,,NDUFB11,,,,,HIST1H3E,
,,,,,,,,,,TERF2IP,,,,NDUFB2,,,,,HIST1H3F,
,,,,,,,,,,HSPA1B,,,,NDUFB3,,,,,HIST1H3G,
,,,,,,,,,,UBE2D2,,,,NDUFB4,,,,,HIST1H3H,
,,,,,,,,,,TXN,,,,NDUFB6,,,,,HIST1H3I,
,,,,,,,,,,UBE2D3,,,,NDUFB7,,,,,HIST1H3J,
,,,,,,,,,,HSPH1,,,,NDUFB8,,,,,HIST1H3PS1,
,,,,,,,,,,CYBA,,,,NDUFB9,,,,,HIST1H4A,
,,,,,,,,,,CDK4,,,,NDUFC1,,,,,HIST1H4B,
,,,,,,,,,,HSF1,,,,NDUFC2,,,,,HIST1H4C,
,,,,,,,,,,CDK6,,,,NDUFS2,,,,,HIST1H4D,
,,,,,,,,,,MAPKAPK3,,,,NDUFS3,,,,,HIST1H4E,
,,,,,,,,,,CITED2,,,,NDUFS5,,,,,HIST1H4F,
,,,,,,,,,,MAP1LC3B,,,,NDUFS6,,,,,HIST1H4G,
,,,,,,,,,,PSMD12,,,,NDUFS7,,,,,HIST1H4H,
,,,,,,,,,,HIF1A,,,,NDUFS8,,,,,HIST1H4I,
,,,,,,,,,,HMGA1,,,,NDUFV1,,,,,HIST1H4J,
,,,,,,,,,,PSMD13,,,,NDUFV2,,,,,HIST1H4K,
,,,,,,,,,,MINK1,,,,SDHA,,,,,HIST1H4L,
,,,,,,,,,,PSMD14,,,,SDHB,,,,,HIST1H4PS1,
,,,,,,,,,,HSP90AB1,,,,TCIRG1,,,,,HIST2H2AA3,
,,,,,,,,,,PTGES3,,,,UQCRB,,,,,HIST2H2AA4,
,,,,,,,,,,CXCL8,,,,UQCRC1,,,,,HIST2H2AB,
,,,,,,,,,,HSBP1,,,,UQCRC2,,,,,HIST2H2AC,
,,,,,,,,,,NFKB1,,,,UQCRFS1,,,,,HIST2H2BA,
,,,,,,,,,,UVRAG,,,,UQCRH,,,,,HIST2H2BB,
,,,,,,,,,,CAT,,,,UQCRQ,,,,,HIST2H2BC,
,,,,,,,,,,PSMB1,,,,SURF1,,,,,HIST2H2BD,
,,,,,,,,,,CDKN2C,,,,SURF4,,,,,HIST2H2BE,
,,,,,,,,,,PSMB2,,,,,,,,,HIST2H2BF,
,,,,,,,,,,CDKN2D,,,,,,,,,HIST2H3A,
,,,,,,,,,,FOS,,,,,,,,,HIST2H3C,
,,,,,,,,,,PSMB3,,,,,,,,,HIST2H3D,
,,,,,,,,,,CCS,,,,,,,,,HIST2H3PS2,
,,,,,,,,,,JUN,,,,,,,,,HIST2H4A,
,,,,,,,,,,GABARAPL1,,,,,,,,,HIST2H4B,
,,,,,,,,,,GABARAPL2,,,,,,,,,HIST3H2A,
,,,,,,,,,,PSMB6,,,,,,,,,HIST3H2BA,
,,,,,,,,,,KDM6B,,,,,,,,,HIST3H2BB,
,,,,,,,,,,PSMB8,,,,,,,,,HIST3H3,
,,,,,,,,,,PSMD2,,,,,,,,,HIST4H4,
,,,,,,,,,,TNIK,,,,,,,,,MCM2,
,,,,,,,,,,PSMB9,,,,,,,,,MCM6,
,,,,,,,,,,PSMD3,,,,,,,,,MSH2,
,,,,,,,,,,RANBP2,,,,,,,,,NASP,
,,,,,,,,,,ATOX1,,,,,,,,,NPAT,
,,,,,,,,,,SEM1,,,,,,,,,PCNA,
,,,,,,,,,,PSMD6,,,,,,,,,RRM1,
,,,,,,,,,,GABARAP,,,,,,,,,RRM2,
,,,,,,,,,,PSMD7,,,,,,,,,SLBP,
,,,,,,,,,,PSMF1,,,,,,,,,TYMS,
,,,,,,,,,,CHMP3,,,,,,,,,,
,,,,,,,,,,STAT3,,,,,,,,,,
,,,,,,,,,,PSMD8,,,,,,,,,,
,,,,,,,,,,TINF2,,,,,,,,,,
,,,,,,,,,,PSMD9,,,,,,,,,,
,,,,,,,,,,CHMP7,,,,,,,,,,
,,,,,,,,,,CCAR2,,,,,,,,,,
,,,,,,,,,,HSPA4,,,,,,,,,,
,,,,,,,,,,YWHAE,,,,,,,,,,
,,,,,,,,,,BAG1,,,,,,,,,,
,,,,,,,,,,HSPA5,,,,,,,,,,
,,,,,,,,,,HSPA6,,,,,,,,,,
,,,,,,,,,,BAG3,,,,,,,,,,
,,,,,,,,,,DYNLL1,,,,,,,,,,
,,,,,,,,,,HSPA8,,,,,,,,,,
,,,,,,,,,,RB1CC1,,,,,,,,,,
,,,,,,,,,,BAG5,,,,,,,,,,
,,,,,,,,,,ANAPC5,,,,,,,,,,
,,,,,,,,,,DYNLL2,,,,,,,,,,
,,,,,,,,,,VCP,,,,,,,,,,
,,,,,,,,,,DNAJC2,,,,,,,,,,
,,,,,,,,,,CABIN1,,,,,,,,,,
,,,,,,,,,,CEBPB,,,,,,,,,,