Type I interferon,Chemokine activity,Pro-inflammation,Glycolysis,Angiogenesis,MDSC,Tissue resident-like TAMs,Regulatory TAMs,Inflammation TAMs,Classical TIMs,M1 signature,M2 signature,Tumor associated neutrophils,Neutrophil chemotaxis,Neutrophil activation
STAT2,C5,IL1A,ALDOA,VEGFA,WFDC17,C1QA,CCL2,CCL2,S100A4,IL23 ,IL4R ,AGO4,BSG,CDK13
IFNAR1,CCL1,IL1B,ALDOB,VEGFB,IFITM1,C1QB,CD274,CCL3,S100A6,TNF ,CCL4 ,ARG1,C1QBP,SLC27A2
CDC37,CCL11,TNF,ALDOC,VEGFC,IL1B,C1QC,CD40,CCL4,S100A8,CXCL9 ,CCL13 ,CYP4F3,C3AR1,AGL
H7C3V1,CCL13,IFNG,BPGM,PDGFC,CSTA,CCL7,CD80,CCL5,S100A9,CXCL10 ,CCL20 ,ERGIC1,C5AR1,RAB18
PTPN6,CCL14,TBX21,ENO1,CXCL8,SRGN,CD163,CD86,CCL20,S100A12,CXCL11 ,CCL17 ,FLOT2,C5AR2,CLEC12A
IFNA8,CCL15,CCL3,ENO2,CXCR2,CTSL,CD5L,CHIT1,CCL3L1,S100A13,CD86 ,CCL18 ,FRAT2,CAMK1D,PYCARD
IFIT5,CCL16,CCL4,GALM,FLT1,PROK2,CD74,CXCR1,CCL3L3,AREG,IL1A ,CCL22 ,LRP10,CCL1,TLR2
TBK1,CCL17,PRF1,GCK,PGF,IFITM2,CETP,HLA-A,CCL4L2,CCL4,IL1B ,CCL24 ,MGAM,CCL11,HUWE1
GBP2,CCL18,GZMA,GPI,CXCL5,JUNB,FOLR2,HLA-C,CCL4L4,CCR2,IL6 ,LYVE1 ,MMP25,CCL13,S100A12
PTPN2,CCL19,GZMB,HK2,KDR,DUSP1,HLA-DPA1,HLA-DQA1,CXCL1,CD14,CCL5 ,VEGFA ,MSRB1,CCL14,CD177
MX2,CCL2,GZMK,HK3,ANGPT1,SOCS3,HLA-DPB1,HLA-DQB1,CXCL2,CD300E,IRF5 ,VEGFB ,NDEL1,CCL15,PSMD11
MX1,CCL20,GZMH,PFKL,ANGPT2,BTG1,HLA-DRB1,HLA-DRA,CXCL3,CD36,IRF1 ,VEGFC ,NFE2,CCL16,STING1
SAMHD1,CCL21,CD8A,PGAM2,TEK,C19orf12,MARCO,HLA-DRB1,CXCL5,CEBPD,CD40 ,VEGFD ,PADI4,CCL17,KCMF1
ISG20,CCL22,FASLG,PGK1,VWF,SELPLG,MAF,HLA-DRB5,CXCL8,CLEC11A,IDO1 ,EGF ,PBX2,CCL18,CCL5
HLA-F,CCL23,CCL2,PGK2,CDH5,ASPRV1,MS4A7,ICOSLG,GOS2,CLEC12A,KYNU ,CTSA ,PHOSPHO1,CCL19,CALML5
IP6K2,CCL24,CCL20,PGM1,,IGFBP6,SLC40A1,IL10,IL1B,CSF1R,CCR7 ,CTSB ,RASGRP4,CCL2,ROCK1
YTHDF2,CCL25,IL2,PGM2,,SIRPA,VCAM1,ITGA4,IL1RN,CTSS,,CTSC ,REPS2,CCL20,PDAP1
ZBP1,CCL26,IL6,PGM3,,PLA2G7,VSIG4,LGALS9,IL6,CX3CR1,,CTSD ,SULT1B1,CCL21,A1BG
LSM14A,CCL27,IL12A,PKLR,,CSF3R,,MARCO,INHBA,CXCL2,,TGFB1 ,TSEN34,CCL22,ADA2
CNOT7,CCL28,IL17A,TPI1,,CXCR2,,MRC1,KLF2,CXCR4,,TGFB2 ,XKR8,CCL23,PLAC8
IRF3,CCL3,IL23A,,,TPD52,,TGFB2,KLF6,EGR1,,TGFB3 ,,CCL24,FGR
TYK2,CCL3L1,PTGS2,,,TSPO,,,NEDD9,FCN1,,MMP14 ,,CCL25,RAP2B
IKBKE,CCL4,TLR4,,,CYP4F18,,,PMAIP1,FOS,,MMP19 ,,CCL26,RAP1B
HLA-G,CCL4L1,,,,GRINA,,,S100A8,FTH1,,MMP9 ,,CCL3,PLD1
STAT1,CCL5,,,,FABP5,,,S100A9,IL1B,,CLEC7A ,,CCL3L1,CD58
IRF1,CCL7,,,,CLEC4D,,,SPP1,ITGAM,,WNT7B ,,CCL4,CTSB
HLA-C,CCL8,,,,STEAP4,,,,JUNB,,FASL ,,CCL4L1,BRI3
PTPN11,CKLF,,,,MAP1LC3B,,,,LGALS2,,TNFSF12 ,,CCL5,SLC15A4
ISG15,CX3CL1,,,,CCR1,,,,LYZ,,TNFSF8 ,,CCL7,DDOST
USP18,CXCL1,,,,LRG1,,,,MAF,,CD276 ,,CCL8,ANXA3
TREX1,CXCL10,,,,CLEC4E,,,,MAFB,,VTCN1 ,,CCR7,NIT2
IRF8,CXCL11,,,,CTSD,,,,MPEG1,,MSR1 ,,CD300H,GNS
IRF6,CXCL12,,,,CD84,,,,NFKB1,,FN1 ,,CD74,APRT
IFIT3,CXCL13,,,,GCNT2,,,,NFKBIA,,IRF4 ,,CKLF,PIGR
IRF9,CXCL14,,,,ARG2,,,,NLRP3,,,,CSF3R,MMP9
IFNA16,CXCL16,,,,NPL,,,,NR4A1,,,,CX3CL1,PTPRC
IFNA4,CXCL2,,,,FGL2,,,,NR4A2,,,,CXADR,RHOA
IFNA6,CXCL3,,,,RNF149,,,,OSM,,,,CXCL1,PLAUR
TTLL12,CXCL5,,,,SEPHS2,,,,PTGS2,,,,CXCL10,RAB31
HLA-E,CXCL6,,,,S100A6,,,,RGS2,,,,CXCL11,DNASE1L3
HLA-H,CXCL8,,,,LMNB1,,,,SELL,,,,CXCL13,PFKL
HLA-B,CXCL9,,,,JAML,,,,THBS1,,,,CXCL2,CPNE3
IFI27,GPR15L,,,,EIF4EBP1,,,,VCAN,,,,CXCL3,MMP25
IRF2,PF4,,,,MSRB1,,,,,,,,CXCL5,DNAJC5
PTPN1,PF4V1,,,,UBB,,,,,,,,CXCL6,RAB9B
C9JQL5,PPBP,,,,C5AR1,,,,,,,,CXCL8,IMPDH2
JAK1,XCL1,,,,YPEL3,,,,,,,,CXCL9,DSN1
IRF5,XCL2,,,,FCGR3A,,,,,,,,CXCR1,QPCT
ADAR,,,,,GSR,,,,,,,,CXCR2,HSPA1A
BST2,,,,,TALDO1,,,,,,,,DAPK2,RAB5B
RNASEL,,,,,ATP6V1G1,,,,,,,,DNM1L,RAB4B
EGR1,,,,,S100A11,,,,,,,,DPEP1,UBR4
IFNA14,,,,,HP,,,,,,,,DPP4,SURF4
IFNA7,,,,,ALOX5AP,,,,,,,,EDN1,CMTM6
IFNA1,,,,,LITAF,,,,,,,,EDN2,PRDX4
IFI35,,,,,TXN1,,,,,,,,EDN3,CAP1
HSP90AB1,,,,,UPP1,,,,,,,,FCER1G,ARHGAP9
MAVS,,,,,C19orf38,,,,,,,,GBF1,SERPINB12
MYD88,,,,,GPCPD1,,,,,,,,ITGA1,DIAPH1
IRF4,,,,,SNAP23,,,,,,,,ITGB2,GSTP1
CACTIN,,,,,IL4R,,,,,,,,JAML,CPPED1
IRF7,,,,,H2BC4,,,,,,,,LBP,PRTN3
RSAD2,,,,,RETNLB,,,,,,,,LGALS3,RNASE3
MMP12,,,,,MYD88,,,,,,,,MCU,FABP5
OASL,,,,,ADIPOR1,,,,,,,,MDK,GPR84
IFNAR2,,,,,STK17B,,,,,,,,MOSPD2,AMPD3
PSMB8,,,,,ZYX,,,,,,,,NCKAP1L,METTL7A
SP100,,,,,RGS3,,,,,,,,PDE4B,LRRC7