"new_cell_identity","ecotype"
"M04__Stress",1
"CD4-TCM",1
"CD8-TRM",1
"cDC2",1
"mac-M1-CCL",1
"mac-M2-CXCL",1
"mast",1
"BMEM-switched",1
"BN",1
"M12__Cholestero",2
"CD4-TN",2
"CD8-TEM",2
"CD8-TEFF",2
"NK-CD16high",2
"mac-lip-CD36",2
"mono-class",2
"endo-arterial",2
"peri-class",2
"M08__Hypoxia",3
"M09__Basal",3
"M10__EMT",3
"M11__LumSec",3
"mac-angio",3
"mye-prolif",3
"mac-ECM",3
"plasma-lgA",3
"CD4-TREG",4
"NK-CD16low",4
"mac-lip-C1Q",4
"plasma-lgG",4
"CAFs",4
"endo-lymph",4
"endo-prolif",4
"TEC",4
"neutrophil",5
"fibro-matrix",5
"fibro-major",5
"endo-capillary",5
"endo-venous",5
"VSMC-synth",5
"CD4-TFH",6
"cDC1",6
"mDC",6
"pDC",6
"GC-B",6
"peri-immune",6
"M13__StressER",7
"GD-T",7
"fibro-prematrix",7
"VSMC-contra",7
"M01__G2.M",8
"M05__Interferon",8
"M06__HLA",8
"M07__S.G1",8
"CD4-TIFN",8
"CD8-TEXH",8
"CD8-TIFN",8
"T-prolif",8
"mac-IFN",8
"BIFN",8
